THG,lnTHG,log10THG,X_METER_IN,Y_METER_IN
23.38,3.151880956,1.368844507,-142509.599,-54493.32297
21.76,3.080073422,1.337658891,-946456.9854,-386890.1137
21.43,3.064791809,1.331022171,-273007.7681,-31297.48718
17.82,2.880321422,1.2509077,-1839003.456,-427703.253
17.1816,2.843839044,1.235063604,-1809593.846,-661564.7854
12.26,2.506341931,1.08849047,2146801.596,-291618.0264
11.64,2.454447442,1.06595298,2075385.34,-143120.9215
8.91,2.187174241,0.949877704,-1200360.107,398145.687
8.545,2.145346317,0.931712067,-1890898.727,-388310.7307
8.45,2.134166441,0.926856709,2113023.643,-212200.0473
8.09,2.090628731,0.907948522,1737840.817,-180219.6828
7.7288,2.044953611,0.888112069,1477995.133,-1537670.439
6.81355,1.918913277,0.833373447,1195043.498,-462554.3095
6.72,1.905088155,0.827369273,991727.4312,-270980.4083
6.602,1.887372633,0.81967552,2064001.102,-678883.5769
6.59,1.885553349,0.818885415,1745052.601,-1067353.895
6.05,1.800058272,0.781755375,-687333.9776,-710527.8191
5.89,1.773255998,0.770115295,2269845.665,453288.4551
5.8688,1.769650184,0.76854931,278306.9052,-438821.1044
5.57,1.717395054,0.745855195,-987082.6736,234195.6025
5.241722807,1.656650224,0.719474051,439807.9539,3587.546761
5.199,1.648466299,0.715919817,895863.8172,-364230.0059
5.14,1.637053079,0.710963119,2118825.92,46999.61927
4.9583,1.60106294,0.6953328,1795668.951,-1107325.681
4.8,1.568615918,0.681241237,-1004319.899,-409025.7682
4.7875,1.566008355,0.680108787,-152525.9382,406898.4354
4.77065,1.562482564,0.678577556,986099.4758,-180059.2136
4.68,1.54329811,0.670245853,1339558.892,-1081702.568
4.6452,1.535834428,0.667004417,1544128.933,-237966.0018
4.6,1.526056303,0.662757832,-631098.4489,10501.44447
4.522,1.508954374,0.655330558,1725453.89,-1430028.821
4.5151,1.507427335,0.654667373,2118161.495,-444096.7077
4.4393,1.490496706,0.647314495,1704225.16,-1500641.176
4.3798,1.477003061,0.641454279,1268209.932,-306206.6029
4.3558,1.47150829,0.639067931,114038.471,-356034.9163
4.3473,1.469554963,0.638219611,517970.6363,-623643.7504
4.3108,1.461123502,0.634557874,1124636.134,-585793.8349
4.29,1.456286733,0.632457292,-182352.6214,340739.532
4.2473,1.446283487,0.628112938,61497.51924,-391619.6347
4.16835,1.427520274,0.619964178,958215.8878,-199826.3532
4.1104,1.413520347,0.613884087,1232800.188,-367202.089
4.09585,1.409974266,0.612344043,-1872914.777,-476618.3343
4.07,1.403642999,0.609594409,-349580.8442,262213.2503
3.978,1.38077918,0.599664779,1134663.786,-648418.8665
3.8854,1.357225939,0.589435736,437411.6765,-1547934.535
3.876800418,1.355010179,0.588473444,2301595.27,358564.0237
3.7694,1.326915838,0.576272226,1073583.206,-550505.6386
3.7599,1.324392361,0.575176294,328591.5556,-1384209.235
3.484,1.248181059,0.542078146,854979.2075,-678324.0551
3.435,1.234016926,0.535926741,-1822250.399,118066.2975
3.4319,1.233114044,0.535534625,671332.9875,-1540871.817
3.42,1.229640551,0.534026106,-1700419.972,-484863.8396
3.415,1.228177493,0.533390708,2029608.151,-155683.3786
3.4005,1.22392248,0.531542779,315529.5852,-1066067.1
3.4,1.223775432,0.531478917,1219986.614,-1050421.661
3.2646,1.183137244,0.513829976,-470697.4147,-566367.5742
3.2291,1.172203461,0.509081495,925854.7536,146230.2227
3.2121,1.166924929,0.506789057,1476221.051,-1046149.409
3.196549809,1.162072043,0.504681476,310854.5119,53349.93019
3.185,1.158452289,0.503109437,2312274.821,550428.9597
3.18,1.156881197,0.50242712,-122389.6737,27810.58308
3.1,1.131402111,0.491361694,282353.1237,208003.0908
3.0897,1.128073999,0.489916313,390807.019,-1468076.006
3.0432,1.112909593,0.483330495,1192723.933,-339142.7734
2.99,1.095273387,0.475671188,-1604577.433,-1056617.389
2.98435,1.093381968,0.474849755,-1758533.264,341599.5175
2.9593,1.084952754,0.471188994,1725078.166,-1083894.958
2.9,1.064710737,0.462397998,2127938.114,129005.3754
2.86,1.050821625,0.456366033,2133191.565,-112234.1882
2.82,1.036736885,0.450249108,-1638310.804,515509.1436
2.815,1.034962262,0.449478399,2352878.33,497438.261
2.7873,1.025073385,0.445183715,1856067.828,-1706230.608
2.74,1.00795792,0.437750563,1132736.488,-1348537.168
2.69115,0.989968612,0.429937905,-1717227.361,250020.602
2.6374,0.969793583,0.421176002,301803.5676,-1409879.32
2.635,0.968883182,0.42078062,518586.5031,403768.788
2.6018,0.956203513,0.415273909,255331.503,-353051.2125
2.6,0.955511445,0.414973348,-976761.0411,-241695.5548
2.57,0.943905899,0.409933123,2331886.377,129069.1311
2.525,0.926241063,0.402261382,548677.5764,174095.8732
2.4924,0.913246102,0.396617743,22889.86682,-314871.5248
2.4819,0.909024396,0.394784279,-1697678.73,-413599.8358
2.48,0.90825856,0.394451681,2119414.063,-168461.2146
2.4095,0.879419257,0.381926931,1077596.255,-322219.4316
2.4007,0.875760361,0.380337892,977921.4922,-1002439.483
2.3461,0.852754375,0.37034652,1855338.13,-1627165.543
2.31,0.837247525,0.36361198,289685.471,334766.2162
2.306,0.835514422,0.362859303,1240486.76,-574389.0751
2.27585,0.822353609,0.357143635,2054601.839,-274943.3873
2.27,0.819779831,0.356025857,1154936.845,-1485114.995
2.2689,0.819295133,0.355815355,1405693.53,-1188698.023
2.2542,0.812795143,0.352992445,1592361.283,-1374617.227
2.25,0.810930216,0.352182518,2110967.634,-299316.3551
2.24,0.806475866,0.350248018,2161333.116,361009.1305
2.166,0.772882149,0.335658452,2056626.646,197590.0243
2.166,0.772882149,0.335658452,1087200.624,-457705.081
2.165,0.772420361,0.335457901,2300085.366,80072.07588
2.155,0.767790724,0.333447274,2033390.124,-79864.51743
2.1126,0.747919416,0.324817275,508008.5169,-1639379.889
2.1041,0.743887822,0.323066376,414424.6496,-646454.0255
2.1,0.741937345,0.322219295,1926560.518,-781646.9531
2.1,0.741937345,0.322219295,1344661.751,-407851.5691
2.09,0.737164066,0.320146286,1145496.484,-1415508.611
2.088095204,0.736252265,0.319750296,961284.2212,-107385.4324
2.075,0.729961154,0.317018101,2462513.583,543190.5126
2.0646,0.724936503,0.314835923,1951708.39,-420626.4436
2.05,0.717839793,0.311753861,1322968.445,-476191.1162
2.04,0.712949808,0.309630167,2336551.996,416290.1995
2.035,0.710495819,0.308564414,2236870.387,-94761.56634
2.02135,0.703765605,0.305641519,1136853.134,-349014.4275
2.02,0.703097511,0.305351369,702735.1412,352434.3298
2.019120766,0.702662152,0.305162295,500513.2793,-99046.55059
2.01,0.698134722,0.303196057,2055047.921,144714.6466
2.005,0.695644061,0.302114377,2466813.777,465598.0688
1.98,0.683096845,0.29666519,2021123.497,106019.1691
1.95495,0.670364618,0.291135654,1205312.917,-659904.1104
1.952431997,0.669075773,0.290575916,629935.8065,358948.9103
1.9473,0.666443798,0.289432864,1516112.214,-1300026.829
1.94,0.662687973,0.28780173,2202262.278,211362.0135
1.91,0.647103242,0.281033367,2313722.67,225415.3244
1.91,0.647103242,0.281033367,2239602.404,125999.7779
1.8847,0.633768657,0.275242231,-1830541.412,-585850.8712
1.8802,0.631378154,0.274204048,2029978.136,-757714.7818
1.87,0.625938431,0.271841607,-543167.4165,14744.25436
1.8477,0.613941622,0.266631459,271539.9098,-1285450.501
1.8456,0.612804428,0.266137582,-1788878.243,-488614.0648
1.83,0.604315967,0.26245109,1373319.962,-488938.722
1.8223,0.60009944,0.260619875,-1777128.727,317280.4876
1.82,0.598836501,0.260071388,2183254.01,117651.887
1.818,0.597736996,0.259593879,917413.5101,260194.1688
1.81230643,0.594600305,0.258231631,351793.893,-16998.71472
1.810265114,0.593473306,0.257742182,670691.8859,25728.12297
1.79,0.58221562,0.252853031,-1683107.65,-756220.4737
1.78,0.576613364,0.250420002,1195032.229,-1412008.811
1.779,0.576051409,0.250175948,877091.8026,27465.94151
1.76,0.565313809,0.245512668,915487.0611,107513.6576
1.75,0.559615788,0.243038049,2218055.081,117153.3682
1.73,0.548121409,0.238046103,231416.2593,258940.1983
1.72,0.542324291,0.235528447,2131939.793,287757.7614
1.682,0.519983562,0.225825991,908818.4196,220318.4394
1.68,0.518793793,0.225309282,2302487.091,118366.7664
1.645,0.497740384,0.216165902,1028808.205,-766949.7985
1.6297,0.488395949,0.212107666,1079306.235,-287556.421
1.6164,0.480201454,0.208548842,1576232.548,-195169.6896
1.6029,0.471814489,0.204906429,964942.2649,-1045096.32
1.5976,0.468502503,0.203468052,93074.56865,-380306.9887
1.59,0.463734016,0.201397124,1947385.592,218584.0968
1.5887,0.462916072,0.201041896,1166936.437,-593247.4709
1.583,0.459321781,0.199480915,1993904.149,-781700.2152
1.58,0.457424847,0.198657087,2031143.744,-211418.4398
1.56,0.444685821,0.193124598,1692587.264,-349298.7612
1.5545,0.441153951,0.191590726,1216155.734,-488560.5828
1.550435122,0.438535615,0.190453598,1208969.061,-147692.7094
1.55,0.438254931,0.190331698,1967639.368,163600.0442
1.545,0.43502391,0.188928484,2355114.771,655344.5156
1.53,0.425267735,0.184691431,-1113307.659,336888.7015
1.5,0.405465108,0.176091259,2343348.507,587534.0319
1.493186787,0.400912619,0.174114138,2278905.515,196322.5928
1.49015,0.398876786,0.173229987,1228220.309,-543332.1226
1.475,0.38865799,0.16879202,2405569.907,483243.5069
1.46,0.378436436,0.164352856,2324860.719,308034.886
1.46,0.378436436,0.164352856,1957696.221,-82334.30329
1.45,0.371563556,0.161368002,1122304.075,-972120.404
1.4469,0.369423337,0.160438517,1984374.84,-631164.2177
1.4459,0.368731965,0.160138258,1790329.65,-457693.9866
1.4405,0.364990276,0.158513263,1190209.286,-245405.548
1.44,0.364643114,0.158362492,2006597.369,22660.17409
1.4036,0.339040365,0.14724336,61388.49778,-956199.0247
1.396,0.333611004,0.144885418,1126175.199,-518861.5941
1.385,0.32570014,0.141449773,2387554.667,363589.7102
1.38,0.322083499,0.139879086,1325891.524,-953679.9957
1.37,0.31481074,0.136720567,2240048.289,187954.6378
1.36,0.3074847,0.133538908,719107.7678,-1643237.855
1.36,0.3074847,0.133538908,319434.0385,379932.1031
1.345,0.296394013,0.128722284,897056.8189,-1670797.536
1.34,0.292669614,0.127104798,2229334.506,264221.8786
1.3359,0.289605222,0.12577395,-1875695.899,120712.0587
1.30842336,0.26882287,0.116748289,914407.2487,76606.73521
1.3081,0.268575703,0.116640946,-103103.4691,-353226.4368
1.2822,0.248577353,0.107955773,2095443.663,-400863.7764
1.28,0.246860078,0.10720997,2339962.927,63659.67424
1.27,0.2390169,0.103803721,2039709.602,294100.2751
1.26,0.231111721,0.100370545,2210233.691,351504.6015
1.2541,0.226418184,0.098332168,-556932.8725,-754972.8133
1.25,0.223143551,0.096910013,-453579.8107,-531720.4697
1.215,0.194744077,0.084576278,2285074.468,51620.7769
1.21015,0.190744319,0.082839205,-447507.7104,-459863.8245
1.19,0.173953307,0.075546961,1979720.252,-134652.0812
1.18,0.165514438,0.071882007,2180540.892,7816.140764
1.16475,0.152506472,0.066232719,1156792.205,-416499.2338
1.16,0.148420005,0.064457989,1747730.76,-351307.7108
1.155008297,0.144107527,0.062585104,749305.9515,132996.8632
1.15,0.139761942,0.06069784,-999018.0391,455006.2986
1.1401,0.131115978,0.056942946,-142729.5247,-433400.1201
1.14,0.131028262,0.056904851,-1076037.711,375881.9707
1.14,0.131028262,0.056904851,1219065.859,-1238395.513
1.135,0.126632651,0.054995862,2044903.471,-51943.15118
1.126050369,0.118716261,0.051557817,865051.9134,298360.0303
1.12,0.113328685,0.049218023,2104580.837,-244112.5883
1.11,0.104360015,0.045322979,2006438.329,306261.6379
1.0982,0.093672476,0.040681439,1456637.346,-1410603.174
1.075,0.072320662,0.031408464,-452140.5569,-496205.9147
1.07,0.067658648,0.029383778,1010799.432,-732298.7248
1.06,0.058268908,0.025305865,2275901.865,127992.5622
1.0518,0.050502982,0.021933166,-1741187.742,210626.7985
1.05,0.048790164,0.021189299,1653627.493,-1004917.738
1.037,0.036331929,0.015778756,1882443.796,-662970.7282
1.03,0.029558802,0.012837225,2280358.876,291971.9373
1.02,0.019802627,0.008600172,2242553.944,395493.5756
1.02,0.019802627,0.008600172,2395392.134,73125.40566
1.02,0.019802627,0.008600172,-1889003.262,-259906.2857
1.0112,0.011137744,0.004837061,1610164.994,-1522819.876
1.01,0.009950331,0.004321374,2291678.373,633381.0755
1.0081,0.008067371,0.003503615,-1544651.59,346877.5287
0.988,-0.012072581,-0.005243055,996032.1219,-667338.9775
0.9623,-0.038429027,-0.016689514,-582424.1239,-924099.6275
0.95,-0.051293294,-0.022276395,2178122.597,163104.7573
0.9353,-0.066887946,-0.029049066,1470575.656,-1358259.837
0.92,-0.083381609,-0.036212173,-913708.8507,93566.9725
0.91,-0.094310679,-0.040958608,-587692.5003,-545254.2196
0.91,-0.094310679,-0.040958608,2068539.321,-82082.25538
0.90710908,-0.097492571,-0.042340486,645384.3306,153957.4392
0.9025,-0.102586589,-0.044552789,-1652013.009,-799670.2529
0.901342811,-0.103869615,-0.045110001,806248.5371,57753.98975
0.9,-0.105360516,-0.045757491,-1793815.919,-211570.6729
0.894222696,-0.111800434,-0.048554312,348966.6957,61845.50151
0.887,-0.119910297,-0.05207638,867599.056,249656.5812
0.88,-0.127833372,-0.055517328,2161761.019,-67544.78611
0.875,-0.133531393,-0.057991947,1126256.137,-457273.4195
0.86925,-0.140124508,-0.060855301,-1100224.54,-1045011.735
0.85,-0.162518929,-0.070581074,1692821.519,-273887.1643
0.845,-0.168418652,-0.073143291,2014381.518,203884.1206
0.828682229,-0.187918516,-0.081611974,825873.6562,218970.849
0.8148,-0.204812595,-0.08894898,2047954.172,-335405.3366
0.81,-0.210721031,-0.091514981,1279807.604,-479157.7103
0.801,-0.221894332,-0.096367484,908258.8282,-760178.5474
0.786,-0.240798487,-0.104577454,972832.4941,-533228.0553
0.77,-0.261364764,-0.113509275,-813584.5327,14969.50637
0.762,-0.271808723,-0.118045029,1009823.614,-624252.5079
0.7491,-0.288882793,-0.125460203,-1557657.959,437256.1694
0.744943835,-0.294446453,-0.12787647,813384.821,136125.9909
0.74245,-0.297799751,-0.129332788,-1072714.38,-1130275.289
0.74,-0.301105093,-0.13076828,768225.3342,-408940.7557
0.729,-0.316081547,-0.137272472,1499434.815,-1397704.853
0.72,-0.328504067,-0.142667504,-1738212.091,-576254.7497
0.7,-0.356674944,-0.15490196,2320592.539,13910.02674
0.699402029,-0.357529553,-0.155273112,640218.4223,66781.13606
0.694,-0.365283318,-0.15864053,943865.2167,-626689.8992
0.683749958,-0.380162987,-0.165102687,923505.0827,-54923.74776
0.676730634,-0.390481967,-0.169584164,604059.5101,146459.2197
0.676,-0.391562203,-0.170053304,846068.5612,-456153.1587
0.665,-0.407968238,-0.177178355,-1670132.369,-711169.2585
0.653,-0.42617815,-0.185086819,955379.6726,213241.2659
0.64,-0.446287103,-0.193820026,-1011185.682,524584.0984
0.64,-0.446287103,-0.193820026,-1735468.822,-609481.1817
0.638492346,-0.448645591,-0.194844305,434006.9186,41461.41035
0.6179,-0.481428647,-0.209081805,-1768361.591,195176.9174
0.604385186,-0.503543559,-0.218686189,1374297.922,-110918.5536
0.575588198,-0.552362808,-0.23988812,1173413.836,-106359.9992
0.57,-0.562118918,-0.244125144,-837925.1281,-59737.96314
0.5681,-0.565457819,-0.245575211,-1761179.441,151354.2609
0.56,-0.579818495,-0.251811973,-527196.9365,-573140.0669
0.55054441,-0.596847654,-0.259207643,485958.05,-24416.09111
0.528789927,-0.637164039,-0.276716826,1114770.665,-44480.55781
0.5226,-0.648938926,-0.281830595,-1383207.613,442193.0238
0.52,-0.653926467,-0.283996656,1956823.647,245682.2114
0.494497581,-0.70421302,-0.305835829,1134897.591,-172373.4636
0.487,-0.719491156,-0.312471039,1330073.333,-156338.0586
0.479979917,-0.734011016,-0.318776934,394389.485,202002.9502
0.46,-0.776528789,-0.337242168,-947082.9497,445211.8936
0.458429218,-0.779949377,-0.33872771,965913.1854,-38159.78149
0.445709115,-0.808088748,-0.350948484,1271033.428,-149122.1082
0.444,-0.811930717,-0.35261703,1160462.72,113097.6638
0.4202,-0.867024491,-0.376543952,-1781952.646,110414.4978
0.412,-0.88673193,-0.385102784,1245770.165,82217.7192
0.39727339,-0.923130596,-0.400910524,1175597.527,-14615.94176
0.393,-0.933945667,-0.40560745,1200941.227,-179728.3074
0.392,-0.936493439,-0.406713933,1267141.056,123580.9608
0.378264057,-0.972162764,-0.422204924,426076.5119,252300.3824
0.372002063,-0.988855879,-0.429454652,903762.5345,-193310.1799
0.368,-0.999672341,-0.434152181,1320646.362,-206498.855
0.365747375,-1.005812416,-0.436818782,804195.9698,-40250.86084
0.355157706,-1.035193346,-0.449578758,502994.6246,252019.7816
0.349883512,-1.050155003,-0.456076523,574880.8605,67389.17132
0.346798012,-1.059012767,-0.459923401,779907.9553,170756.8019
0.324148077,-1.12655484,-0.48925655,532102.0013,26092.82388
0.322,-1.133203733,-0.492144128,1109606.739,64271.08937
0.317165579,-1.14833131,-0.498713951,691966.5622,127835.5762
0.299,-1.207311706,-0.524328812,1217047.434,-45004.5364
0.290102427,-1.237521222,-0.537448638,367218.9444,171650.6719
0.289895821,-1.238233658,-0.537758045,867080.7381,-70145.79226
0.216780586,-1.528869561,-0.663979614,472570.1102,68083.60758
0.210388322,-1.558800303,-0.67697837,1266234.872,-59178.53261
0.209958972,-1.560843139,-0.677865562,444425.7274,209624.0178
