HUC_values,THG,X_METER_IN,Y_METER_IN,X_METER_OUT,Y_METER_OUT
10010001,0.64,-1011185.682,524584.0984,-1011185.682,524584.0984
10020007,0.92,-913708.8507,93566.9725,-894712.676,63505.28899
10030201,0.46,-947082.9497,445211.8936,-947082.9497,445211.8936
10070001,0.77,-813584.5327,14969.50637,-813584.5327,14969.50637
1010002,1.01,2291678.373,633381.0755,2291678.373,633381.0755
1010004,1.545,2355114.771,655344.5156,2355114.771,655344.5156
10110101,4.29,-182352.6214,340739.532,-182352.6214,340739.532
10190005,0.83,-453579.8107,-531720.4697,-453579.8107,-531720.4697
10190006,0.89,-452140.5569,-496205.9147,-452140.5569,-496205.9147
10190007,0.76,-447507.7104,-459863.8245,-447507.7104,-459863.8245
1020001,3.185,2312274.821,550428.9597,2312274.821,550428.9597
1020002,1.5,2343348.507,587534.0319,2343348.507,587534.0319
1020004,2.815,2352878.33,497438.261,2352878.33,497438.261
1020005,0.665,2405569.907,483243.5069,2405569.907,483243.5069
1030002,5.89,2269845.665,453288.4551,2269845.665,453288.4551
1030003,1.53,2336551.996,416290.1995,2336551.996,416290.1995
1040001,1.02,2242553.944,395493.5756,2242553.944,395493.5756
1040002,1.21,2301595.27,358564.0237,2301595.27,358564.0237
1050001,2.075,2462513.583,543190.5126,2462513.583,543190.5126
1050002,2.005,2466813.777,465598.0688,2466813.777,465598.0688
1050003,1.27,2387554.667,363589.7102,2387554.667,363589.7102
1060001,1.34,2324860.719,308034.886,2324860.719,308034.886
1060002,1.03,2280358.876,291971.9373,2280358.876,291971.9373
1060003,1.87,2313722.67,225415.3244,2313722.67,225415.3244
1070001,1.34,2229334.506,264221.8786,2229334.506,264221.8786
1070002,1.11,2278905.515,196322.5928,2278905.515,196322.5928
1070003,1.37,2240048.289,187954.6378,2240048.289,187954.6378
1070004,0.81,2275901.865,127992.5622,2275901.865,127992.5622
1070005,1.33,2302487.091,118366.7664,2302487.091,118366.7664
1080101,1.26,2210233.691,351504.6015,2210233.691,351504.6015
1080104,1.94,2202262.278,211362.0135,2202262.278,211362.0135
1080107,0.95,2178122.597,163104.7573,2178122.597,163104.7573
1080201,1.75,2218055.081,117153.3682,2218055.081,117153.3682
1080202,1.91,2239602.404,125999.7779,2239602.404,125999.7779
1080203,1.82,2183254.01,117651.887,2183254.01,117651.887
1090001,0.61,2331886.377,129069.1311,2331886.377,129069.1311
1090002,1.02,2395392.134,73125.40566,2395392.134,73125.40566
1090003,1.15,2300085.366,80072.07588,2300085.366,80072.07588
1090004,0.425,2339962.927,63659.67424,2339962.927,63659.67424
1090005,0.7,2320592.539,13910.02674,2320592.539,13910.02674
1100001,1.215,2285074.468,51620.7769,2285074.468,51620.7769
1100005,1.18,2180540.892,7816.140764,2180540.892,7816.140764
1110000,2.24,2161333.116,361009.1305,2161333.116,361009.1305
14010001,0.985,-587692.5003,-545254.2196,-548049.3847,-533545.9777
17010207,0.67,-999018.0391,455006.2986,-999018.0391,455006.2986
17040101,0.57,-837925.1281,-59737.96314,-837925.1281,-59737.96314
18020003,0.9,-1793815.919,-211570.6729,-1793815.919,-211570.6729
18030001,0.9025,-1652013.009,-799670.2529,-1652013.009,-799670.2529
18030007,1.79,-1683107.65,-756220.4737,-1683107.65,-756220.4737
18030010,0.665,-1670132.369,-711169.2585,-1670132.369,-711169.2585
18040008,0.64,-1735468.822,-609481.1817,-1735468.822,-609481.1817
18040009,0.72,-1738212.091,-576254.7497,-1738212.091,-576254.7497
2010003,1.72,2131939.793,287757.7614,2131939.793,287757.7614
2010006,1.27,2039709.602,294100.2751,2039709.602,294100.2751
2020001,1.38,2056626.646,197590.0243,2056626.646,197590.0243
2020002,2.01,2055047.921,144714.6466,2055047.921,144714.6466
2020003,2.9,2127938.114,129005.3754,2127938.114,129005.3754
2020004,1.98,2021123.497,106019.1691,2021123.497,106019.1691
2020006,5.14,2118825.92,46999.61927,2118825.92,46999.61927
2030101,0.88,2161761.019,-67544.78611,2161761.019,-67544.78611
2030103,3,2133191.565,-112234.1882,2133191.565,-112234.1882
2030202,1.94,2236870.387,-94761.56634,2236870.387,-94761.56634
2040101,0.83,2044903.471,-51943.15118,2032471.749,-21884.64888
2040103,3.24,2033390.124,-79864.51743,2033390.124,-79864.51743
2040104,1.2,2068539.321,-82082.25538,2068539.321,-82082.25538
2040106,3.415,2029608.151,-155683.3786,2029608.151,-155683.3786
2050101,1.44,2006597.369,22660.17409,2006597.369,22660.17409
2050106,1.46,1957696.221,-82334.30329,1957696.221,-82334.30329
2050107,1.19,1979720.252,-134652.0812,1979720.252,-134652.0812
4010101,2.02,702735.1412,352434.3298,702735.1412,352434.3298
4020102,0.828682229,825873.6562,218970.849,825873.6562,218970.849
4020103,1.126050369,865051.9134,298360.0303,865051.9134,298360.0303
4020104,0.887,867599.056,249656.5812,867599.056,249656.5812
4020105,1.818,917413.5101,260194.1688,917413.5101,260194.1688
4030101,0.458429218,965913.1854,-38159.78149,965913.1854,-38159.78149
4030104,0.72954672,914407.2487,76606.73521,914407.2487,76606.73521
4030105,1.76,915487.0611,107513.6576,915487.0611,107513.6576
4030107,1.682,908818.4196,220318.4394,908818.4196,220318.4394
4030108,0.815267444,925854.7536,146230.2227,925854.7536,146230.2227
4030110,0.653,955379.6726,213241.2659,955379.6726,213241.2659
4030201,0.289895821,867080.7381,-70145.79226,867080.7381,-70145.79226
4030202,0.478948878,877091.8026,27465.94151,877091.8026,27465.94151
4030203,0.683749958,923505.0827,-54923.74776,923505.0827,-54923.74776
4040001,1.6,1079306.235,-287556.421,1079306.235,-287556.421
4040003,1.077490407,961284.2212,-107385.4324,961284.2212,-107385.4324
4050001,0.345082636,1190209.286,-245405.548,1190209.286,-245405.548
4050002,0.494497581,1134897.591,-172373.4636,1134897.591,-172373.4636
4050003,0.393,1200941.227,-179728.3074,1200941.227,-179728.3074
4050004,0.445709115,1271033.428,-149122.1082,1271033.428,-149122.1082
4050006,0.575588198,1173413.836,-106359.9992,1173413.836,-106359.9992
4050007,1.550435122,1208969.061,-147692.7094,1208969.061,-147692.7094
4060101,0.528789927,1114770.665,-44480.55781,1114770.665,-44480.55781
4060102,0.39727339,1175597.527,-14615.94176,1175597.527,-14615.94176
4060104,0.322,1109606.739,64271.08937,1109606.739,64271.08937
4060105,0.444,1160462.72,113097.6638,1160462.72,113097.6638
4070006,0.392,1267141.056,123580.9608,1267141.056,123580.9608
4070007,0.412,1245770.165,82217.7192,1245770.165,82217.7192
4080202,0.299,1217047.434,-45004.5364,1217047.434,-45004.5364
4080203,0.210388322,1266234.872,-59178.53261,1289114.874,-89568.19469
4090003,0.604385186,1374297.922,-110918.5536,1374297.922,-110918.5536
4090005,0.487,1330073.333,-156338.0586,1330073.333,-156338.0586
4100002,0.368,1320646.362,-206498.855,1320646.362,-206498.855
4150101,1.55,1967639.368,163600.0442,1967639.368,163600.0442
4150302,1.59,1947385.592,218584.0968,1947385.592,218584.0968
4150304,0.52,1956823.647,245682.2114,1956823.647,245682.2114
4150305,0.845,2014381.518,203884.1206,1993190.525,234210.8208
4150307,1.11,2006438.329,306261.6379,2006438.329,306261.6379
5120111,0.615,1073583.206,-550505.6386,1073583.206,-550505.6386
5120114,0.762,1009823.614,-624252.5079,1009823.614,-624252.5079
5120115,0.988,996032.1219,-667338.9775,996032.1219,-667338.9775
5140203,1.645,1028808.205,-766949.7985,1028808.205,-766949.7985
5140204,1.07,1010799.432,-732298.7248,1010799.432,-732298.7248
7010102,0.378264057,426076.5119,252300.3824,426076.5119,252300.3824
7010103,0.355157706,502994.6246,252019.7816,502994.6246,252019.7816
7010105,0.209958972,444425.7274,209624.0178,444425.7274,209624.0178
7010106,0.479979917,394389.485,202002.9502,394389.485,202002.9502
7010107,0.290102427,367218.9444,171650.6719,367218.9444,171650.6719
7010203,0.216780586,472570.1102,68083.60758,472570.1102,68083.60758
7010204,0.638492346,434006.9186,41461.41035,434006.9186,41461.41035
7010205,5.241722807,439807.9539,3587.546761,439807.9539,3587.546761
7010206,0.32318264,532102.0013,26092.82388,532102.0013,26092.82388
7020002,3.196549809,310854.5119,53349.93019,316216.1432,89757.43296
7020004,1.81230643,351793.893,-16998.71472,351793.893,-16998.71472
7020005,0.894222696,348966.6957,61845.50151,348966.6957,61845.50151
7020011,2.019120766,500513.2793,-99046.55059,500513.2793,-99046.55059
7020012,0.301888819,485958.05,-24416.09111,485958.05,-24416.09111
7030001,0.676730634,604059.5101,146459.2197,604059.5101,146459.2197
7030002,0.90710908,645384.3306,153957.4392,645384.3306,153957.4392
7030005,0.319870012,574880.8605,67389.17132,574880.8605,67389.17132
7050001,0.317165579,691966.5622,127835.5762,691966.5622,127835.5762
7050002,0.346798012,779907.9553,170756.8019,755099.5492,155865.664
7050003,1.155008297,749305.9515,132996.8632,749305.9515,132996.8632
7050005,1.810265114,670691.8859,25728.12297,670691.8859,25728.12297
7050007,0.699402029,640218.4223,66781.13606,640218.4223,66781.13606
7070001,0.744943835,813384.821,136125.9909,813384.821,136125.9909
7070002,0.901342811,806248.5371,57753.98975,806248.5371,57753.98975
7070003,0.365747375,804195.9698,-40250.86084,804195.9698,-40250.86084
7080104,0.74,768225.3342,-408940.7557,768225.3342,-408940.7557
7090001,0.372002063,903762.5345,-193310.1799,906556.4982,-152534.5368
7120006,6.952,958215.8878,-199826.3532,958215.8878,-199826.3532
7130001,5.199,895863.8172,-364230.0059,895863.8172,-364230.0059
7130003,0.676,846068.5612,-456153.1587,846068.5612,-456153.1587
7140101,3.484,854979.2075,-678324.0551,854979.2075,-678324.0551
7140105,0.801,908258.8282,-760178.5474,908258.8282,-760178.5474
7140201,0.786,972832.4941,-533228.0553,972832.4941,-533228.0553
7140202,0.694,943865.2167,-626689.8992,943865.2167,-626689.8992
9010002,4.7875,-152525.9382,406898.4354,-152525.9382,406898.4354
9020106,3.1,282353.1237,208003.0908,282353.1237,208003.0908
9020107,1.73,231416.2593,258940.1983,231416.2593,258940.1983
9020303,2.31,289685.471,334766.2162,289685.471,334766.2162
9020304,1.36,319434.0385,379932.1031,319434.0385,379932.1031
9030001,1.952431997,629935.8065,358948.9103,629935.8065,358948.9103
9030003,2.635,518586.5031,403768.788,518586.5031,403768.788
